Series Name,Series Code,Country Name,Country Code,2015 [YR2015],2016 [YR2016],2017 [YR2017],2018 [YR2018],2019 [YR2019],2020 [YR2020],2021 [YR2021],2022 [YR2022]
People using at least basic drinking water services (% of population),SH.H2O.BASW.ZS,Afghanistan,AFG,62.36965956,65.17216226,68.00887159,70.87994089,73.784643,76.7222554,79.69307846,82.17537112
People using at least basic drinking water services (% of population),SH.H2O.BASW.ZS,Africa Eastern and Southern,AFE,53.60298591,54.41645593,55.23389096,56.06883421,56.87769713,57.64338515,58.38445523,59.10346311
People using at least basic drinking water services (% of population),SH.H2O.BASW.ZS,Africa Western and Central,AFW,66.54840711,67.61722605,68.68196023,69.749071,70.79848719,71.84506309,72.93549109,74.04563986
People using at least basic drinking water services (% of population),SH.H2O.BASW.ZS,Albania,ALB,93.39432397,93.75487791,94.1020962,94.43639343,94.75822472,95.06803881,95.08151344,95.09456352
People using at least basic drinking water services (% of population),SH.H2O.BASW.ZS,Algeria,DZA,93.40955765,93.62277554,93.83197493,94.03741493,94.23913986,94.43732997,94.63210204,94.66139755
People using at least basic drinking water services (% of population),SH.H2O.BASW.ZS,American Samoa,ASM,98.73740341,98.99107761,99.24475181,99.24475181,99.24475181,99.24475181,99.24475181,
People using at least basic drinking water services (% of population),SH.H2O.BASW.ZS,Andorra,AND,100,99.999996,100,99.99999557,99.99999679,99.99999853,100,100
People using at least basic drinking water services (% of population),SH.H2O.BASW.ZS,Angola,AGO,54.31693061,55.08427251,55.84290952,56.59174877,56.88303749,57.16773792,57.44672553,57.71956067
People using at least basic drinking water services (% of population),SH.H2O.BASW.ZS,Antigua and Barbuda,ATG,98.36536227,98.3652624,98.36517544,98.36510059,98.36503872,98.36499378,98.36495728,98.36493562
People using at least basic drinking water services (% of population),SH.H2O.BASW.ZS,Arab World,ARB,86.56921525,87.0019795,87.42101183,87.92980323,88.33975473,88.71427336,89.0059761,89.12481753
People using at least basic drinking water services (% of population),SH.H2O.BASW.ZS,Argentina,ARG,98.98230819,99.04137378,,,,,,
People using at least basic drinking water services (% of population),SH.H2O.BASW.ZS,Armenia,ARM,99.52456083,99.52935101,99.53440756,99.91482849,99.92817193,99.9415164,99.95489411,99.9683045
People using at least basic drinking water services (% of population),SH.H2O.BASW.ZS,Aruba,ABW,97.86902338,97.86902338,,,,,,
People using at least basic drinking water services (% of population),SH.H2O.BASW.ZS,Australia,AUS,99.9700009,99.96996668,99.96993751,99.96989377,99.96985437,99.96981765,99.96977467,99.96973139
People using at least basic drinking water services (% of population),SH.H2O.BASW.ZS,Austria,AUT,99.99999882,100,100,99.99999932,99.99999659,100,100,99.99999937
People using at least basic drinking water services (% of population),SH.H2O.BASW.ZS,Azerbaijan,AZE,92.56932373,93.35315993,94.1312334,94.90297679,95.66774777,96.36208218,97.00710207,97.64218684
People using at least basic drinking water services (% of population),SH.H2O.BASW.ZS,"Bahamas, The",BHS,98.8869605,98.8869605,98.8869605,98.8869605,98.8869605,,,
People using at least basic drinking water services (% of population),SH.H2O.BASW.ZS,Bahrain,BHR,99.92959062,99.9276523,99.92571398,99.92377566,99.92183734,99.91989902,99.91989902,99.91989902
People using at least basic drinking water services (% of population),SH.H2O.BASW.ZS,Bangladesh,BGD,97.30110109,97.43839091,97.57149329,97.70041155,97.82513657,97.94567602,98.03301971,98.09706298
People using at least basic drinking water services (% of population),SH.H2O.BASW.ZS,Barbados,BRB,98.47444474,98.48444616,98.49444758,98.504449,98.51445042,98.51445042,98.51445042,98.51445042
People using at least basic drinking water services (% of population),SH.H2O.BASW.ZS,Belarus,BLR,98.33085564,98.34333448,98.35775457,98.3739982,98.39198685,98.65157317,99.18791665,99.17886811
People using at least basic drinking water services (% of population),SH.H2O.BASW.ZS,Belgium,BEL,99.99999628,100,99.99999838,100,100,99.99999626,100,100
People using at least basic drinking water services (% of population),SH.H2O.BASW.ZS,Belize,BLZ,97.17559148,97.58454052,97.99257797,98.39929304,98.40054977,98.40195593,98.40350771,98.40523412
People using at least basic drinking water services (% of population),SH.H2O.BASW.ZS,Benin,BEN,65.76275873,65.99736203,66.22719933,66.45219788,66.67226715,66.88732895,67.12590915,67.36026981
People using at least basic drinking water services (% of population),SH.H2O.BASW.ZS,Bermuda,BMU,99.90314002,99.90314002,99.90314002,99.90314002,99.90314002,99.90314002,99.90314002,99.90314002
People using at least basic drinking water services (% of population),SH.H2O.BASW.ZS,Bhutan,BTN,97.48622327,98.18623888,98.65984174,98.7649965,98.87231224,98.98171763,99.12699463,99.1314463
People using at least basic drinking water services (% of population),SH.H2O.BASW.ZS,Bolivia,BOL,90.38416809,90.94184943,91.49294855,92.03884407,92.5659539,93.08742169,93.60317892,94.11337038
People using at least basic drinking water services (% of population),SH.H2O.BASW.ZS,Bosnia and Herzegovina,BIH,96.15984348,96.15126413,96.14235888,96.13317409,96.12370062,96.11389712,96.10382253,96.09347422
People using at least basic drinking water services (% of population),SH.H2O.BASW.ZS,Botswana,BWA,88.51249646,89.47790173,90.41850621,91.33266974,92.22140297,92.33857774,92.44851614,92.56756199
People using at least basic drinking water services (% of population),SH.H2O.BASW.ZS,Brazil,BRA,97.80356479,97.95583973,98.45095603,98.6794937,98.93554395,99.3208588,99.5894011,99.59377131
People using at least basic drinking water services (% of population),SH.H2O.BASW.ZS,British Virgin Islands,VGB,99.86438356,99.86438356,99.86438356,99.86438356,99.86438356,99.86438356,99.86438356,99.86438356
People using at least basic drinking water services (% of population),SH.H2O.BASW.ZS,Brunei Darussalam,BRN,99.90003757,99.90003952,99.90004146,99.9000434,99.90004534,99.90004728,99.90004922,99.90005116
People using at least basic drinking water services (% of population),SH.H2O.BASW.ZS,Bulgaria,BGR,99.26445893,99.23350673,99.20327222,99.17372726,99.144878,99.11673596,99.08929849,99.06253279
People using at least basic drinking water services (% of population),SH.H2O.BASW.ZS,Burkina Faso,BFA,50.91354751,50.42741061,49.94632323,49.47116142,49.0028525,48.54098615,49.02263051,49.50587416
People using at least basic drinking water services (% of population),SH.H2O.BASW.ZS,Burundi,BDI,59.58147078,60.20415296,60.83054747,61.46061817,62.09432128,62.20712127,62.32256445,62.44097549
People using at least basic drinking water services (% of population),SH.H2O.BASW.ZS,Cabo Verde,CPV,85.3679901,86.24227407,87.10680256,87.96184758,88.59087109,89.17757394,89.82515425,89.87072461
People using at least basic drinking water services (% of population),SH.H2O.BASW.ZS,Cambodia,KHM,71.40760021,72.43058189,73.42564747,74.39437162,75.33672107,76.25310742,77.06604334,78.00650418
People using at least basic drinking water services (% of population),SH.H2O.BASW.ZS,Cameroon,CMR,65.99804744,66.51931924,67.02480944,67.51535721,67.99048422,68.45069732,68.89556458,69.59255264
People using at least basic drinking water services (% of population),SH.H2O.BASW.ZS,Canada,CAN,99.22922133,99.22739609,99.22553538,99.22363094,99.22165498,99.22180959,99.22198864,99.22218431
People using at least basic drinking water services (% of population),SH.H2O.BASW.ZS,Caribbean small states,CSS,96.20690673,96.46043104,96.71466268,97.02349432,97.19127488,97.1327674,97.23214771,97.33323996
People using at least basic drinking water services (% of population),SH.H2O.BASW.ZS,Cayman Islands,CYM,95.76196319,95.72423313,95.68650307,95.64877301,95.61104294,95.57331288,95.53558282,95.49785276
People using at least basic drinking water services (% of population),SH.H2O.BASW.ZS,Central African Republic,CAF,42.3113462,41.27664504,40.2488161,39.22754773,38.21226712,37.20240255,36.19738081,36.29504358
People using at least basic drinking water services (% of population),SH.H2O.BASW.ZS,Central Europe and the Baltics,CEB,97.77079558,97.49754331,97.22261711,96.9501803,96.66412582,96.38050795,96.09098397,96.13740562
People using at least basic drinking water services (% of population),SH.H2O.BASW.ZS,Chad,TCD,47.78243364,48.44975461,49.12496637,49.80800666,50.49806435,51.19537781,51.89910104,51.99515252
People using at least basic drinking water services (% of population),SH.H2O.BASW.ZS,Channel Islands,CHI,,,,,,,,
People using at least basic drinking water services (% of population),SH.H2O.BASW.ZS,Chile,CHL,99.50649288,99.7371867,99.96544595,100,100,100,100,99.9999983
People using at least basic drinking water services (% of population),SH.H2O.BASW.ZS,China,CHN,92.70634229,93.40787932,94.07732535,94.71350098,95.3173719,95.89031366,96.69444916,97.64692955
People using at least basic drinking water services (% of population),SH.H2O.BASW.ZS,Colombia,COL,96.06140925,96.29659226,96.52736455,96.73950122,96.89252467,97.04102366,97.3938173,97.53776039
People using at least basic drinking water services (% of population),SH.H2O.BASW.ZS,Comoros,COM,80.13199878,80.14885132,80.16751699,80.18798722,80.21050148,,,
People using at least basic drinking water services (% of population),SH.H2O.BASW.ZS,"Congo, Dem. Rep.",COD,36.30309755,36.15953324,36.00739897,35.84708556,35.67805731,35.50023727,35.31309699,35.11656658
People using at least basic drinking water services (% of population),SH.H2O.BASW.ZS,"Congo, Rep.",COG,71.1495836,72.186657,73.21776015,73.40681588,73.59586981,73.78451098,73.97232686,
People using at least basic drinking water services (% of population),SH.H2O.BASW.ZS,Costa Rica,CRI,99.2586048,99.46580563,99.66176577,99.78441801,99.79752937,99.81053657,99.81186902,99.81312891
People using at least basic drinking water services (% of population),SH.H2O.BASW.ZS,Cote d'Ivoire,CIV,72.19523724,72.28260477,72.36946589,72.45574287,72.54105817,72.62534474,72.73826702,72.85092565
People using at least basic drinking water services (% of population),SH.H2O.BASW.ZS,Croatia,HRV,,,,,,,,
People using at least basic drinking water services (% of population),SH.H2O.BASW.ZS,Cuba,CUB,93.68002466,93.79618672,93.91317981,94.03072233,94.14848234,94.26627907,94.55759874,94.65270392
People using at least basic drinking water services (% of population),SH.H2O.BASW.ZS,Curacao,CUW,99.49775185,99.49775185,99.49775185,,,,,
People using at least basic drinking water services (% of population),SH.H2O.BASW.ZS,Cyprus,CYP,99.78852265,99.78075922,99.77298663,99.76518343,99.76519236,99.76517216,99.76513248,99.76506274
People using at least basic drinking water services (% of population),SH.H2O.BASW.ZS,Czechia,CZE,99.88009591,99.8801724,99.88026044,99.88035845,99.88046889,99.88058826,99.8807193,99.88085663
People using at least basic drinking water services (% of population),SH.H2O.BASW.ZS,Denmark,DNK,100,99.9999967,99.99999994,100,100,99.99999671,99.99999983,100
People using at least basic drinking water services (% of population),SH.H2O.BASW.ZS,Djibouti,DJI,75.78704575,75.83262976,75.8825219,75.93685011,75.99574636,76.04992218,76.10704703,76.16711708
People using at least basic drinking water services (% of population),SH.H2O.BASW.ZS,Dominica,DMA,95.42065606,95.42065606,95.42065606,,,,,
People using at least basic drinking water services (% of population),SH.H2O.BASW.ZS,Dominican Republic,DOM,95.37474698,95.58145208,95.77818745,95.96420108,96.14011415,96.30657934,96.70461445,96.75452434
People using at least basic drinking water services (% of population),SH.H2O.BASW.ZS,Early-demographic dividend,EAR,88.4904105,88.99219705,89.35403151,89.8484555,90.33502032,90.80070285,91.26766406,91.6795243
People using at least basic drinking water services (% of population),SH.H2O.BASW.ZS,East Asia & Pacific,EAS,92.23703459,92.86124478,93.46244304,94.05444281,94.62587107,95.1586841,95.82087127,96.54376983
People using at least basic drinking water services (% of population),SH.H2O.BASW.ZS,East Asia & Pacific (excluding high income),EAP,91.48095492,92.17076696,92.83505452,93.48796951,94.11733472,94.70429303,95.43509259,96.23306333
People using at least basic drinking water services (% of population),SH.H2O.BASW.ZS,East Asia & Pacific (IDA & IBRD countries),TEA,91.43447124,92.1373589,92.8143128,93.47963691,94.12103329,94.71498172,95.4545673,96.26217928
People using at least basic drinking water services (% of population),SH.H2O.BASW.ZS,Ecuador,ECU,93.06378158,93.76941473,94.31313766,94.66226561,95.01122463,95.35976471,95.67799951,95.70334323
People using at least basic drinking water services (% of population),SH.H2O.BASW.ZS,"Egypt, Arab Rep.",EGY,98.69141163,98.72082325,98.75057376,98.75586753,98.76141522,98.7671898,98.7679087,98.7688579
People using at least basic drinking water services (% of population),SH.H2O.BASW.ZS,El Salvador,SLV,95.23621844,96.2074761,96.80501289,97.38221093,97.82034809,98.03050896,98.1944683,98.59315999
People using at least basic drinking water services (% of population),SH.H2O.BASW.ZS,Equatorial Guinea,GNQ,64.1785995,64.42551943,64.66581881,,,,,
People using at least basic drinking water services (% of population),SH.H2O.BASW.ZS,Eritrea,ERI,51.46509113,51.84971602,,,,,,
People using at least basic drinking water services (% of population),SH.H2O.BASW.ZS,Estonia,EST,99.89118708,99.91523918,99.93914833,99.96315938,99.98728731,99.99999772,99.99999915,100
People using at least basic drinking water services (% of population),SH.H2O.BASW.ZS,Eswatini,SWZ,66.52576766,67.3899527,68.40200752,69.41459089,70.4275346,71.44067379,72.45384449,73.46720192
People using at least basic drinking water services (% of population),SH.H2O.BASW.ZS,Ethiopia,ETH,41.5068553,42.96515862,44.40849742,45.83816087,47.25397856,48.65534768,50.04256282,51.51295966
People using at least basic drinking water services (% of population),SH.H2O.BASW.ZS,Euro area,EMU,99.85239984,99.85630128,99.85996222,99.86314826,99.86340318,99.8637215,99.86386231,99.8637646
People using at least basic drinking water services (% of population),SH.H2O.BASW.ZS,Europe & Central Asia,ECS,97.60637239,97.65415648,97.70232853,97.74783706,97.79118982,97.8228508,97.83286112,97.95912867
People using at least basic drinking water services (% of population),SH.H2O.BASW.ZS,Europe & Central Asia (excluding high income),ECA,94.15676386,94.41587195,94.67410924,94.91773,95.15971488,95.3484892,95.45872876,95.60634237
People using at least basic drinking water services (% of population),SH.H2O.BASW.ZS,Europe & Central Asia (IDA & IBRD countries),TEC,95.29520351,95.39119248,95.48851385,95.57930623,95.67093199,95.73592696,95.75957105,95.88791544
People using at least basic drinking water services (% of population),SH.H2O.BASW.ZS,European Union,EUU,99.4117645,99.35221959,99.29228844,99.23313963,99.17100999,99.11038004,99.05082599,99.07193777
People using at least basic drinking water services (% of population),SH.H2O.BASW.ZS,Faroe Islands,FRO,100,100,100,100,100,100,100,100
People using at least basic drinking water services (% of population),SH.H2O.BASW.ZS,Fiji,FJI,95.24420222,95.27863668,95.31330364,95.34827332,95.38331405,95.4183554,95.45346194,95.48863265
People using at least basic drinking water services (% of population),SH.H2O.BASW.ZS,Finland,FIN,100,99.99999656,100,99.99999776,100,100,100,100
People using at least basic drinking water services (% of population),SH.H2O.BASW.ZS,Fragile and conflict affected situations,FCS,62.66116197,63.52870802,64.44694363,65.31876372,66.19154052,67.04515908,67.87808668,68.44276083
People using at least basic drinking water services (% of population),SH.H2O.BASW.ZS,France,FRA,100,99.99999747,100,99.9999994,100,99.99999807,100,100
People using at least basic drinking water services (% of population),SH.H2O.BASW.ZS,French Polynesia,PYF,100,100,100,100,100,100,100,100
People using at least basic drinking water services (% of population),SH.H2O.BASW.ZS,Gabon,GAB,84.53873554,84.92279576,85.29116453,85.64474014,85.98402117,86.31060541,86.62492936,86.92776588
People using at least basic drinking water services (% of population),SH.H2O.BASW.ZS,"Gambia, The",GMB,81.52086464,82.12054881,82.71685108,83.30966128,83.89902078,84.48498247,85.06744157,85.64661299
People using at least basic drinking water services (% of population),SH.H2O.BASW.ZS,Georgia,GEO,93.48324267,93.72272213,93.96128893,94.1991086,94.43602693,94.6720999,94.82521607,94.97753546
People using at least basic drinking water services (% of population),SH.H2O.BASW.ZS,Germany,DEU,99.99999831,100,99.99999885,100,99.99999955,100,100,99.99999856
People using at least basic drinking water services (% of population),SH.H2O.BASW.ZS,Ghana,GHA,80.95415387,82.02488344,83.09646612,84.16899962,85.2423371,86.31680848,87.39227104,88.36760955
People using at least basic drinking water services (% of population),SH.H2O.BASW.ZS,Gibraltar,GIB,100,100,100,100,100,100,100,100
People using at least basic drinking water services (% of population),SH.H2O.BASW.ZS,Greece,GRC,100,100,99.99999797,99.99999996,99.9999993,100,99.99999523,99.99999949
People using at least basic drinking water services (% of population),SH.H2O.BASW.ZS,Greenland,GRL,100,100,100,100,100,100,100,100
People using at least basic drinking water services (% of population),SH.H2O.BASW.ZS,Grenada,GRD,95.62865044,95.62865044,95.62865044,,,,,
People using at least basic drinking water services (% of population),SH.H2O.BASW.ZS,Guam,GUM,99.6952,99.6952,99.6952,99.6952,99.6952,99.6952,99.6952,99.6952
People using at least basic drinking water services (% of population),SH.H2O.BASW.ZS,Guatemala,GTM,92.05609181,92.40652645,92.75493845,93.13263572,93.50770908,93.88009354,94.249619,94.61610883
People using at least basic drinking water services (% of population),SH.H2O.BASW.ZS,Guinea,GIN,62.82726327,64.01923754,65.22465218,66.44345567,67.67524723,68.92063096,70.17919763,71.45121161
People using at least basic drinking water services (% of population),SH.H2O.BASW.ZS,Guinea-Bissau,GNB,60.55653666,60.7844521,60.99670087,61.19347431,61.37447181,61.53965699,61.68898345,61.77613328
People using at least basic drinking water services (% of population),SH.H2O.BASW.ZS,Guyana,GUY,93.55731288,93.90519554,94.25312672,94.60087173,94.94836382,95.27688502,95.56886613,95.85973728
People using at least basic drinking water services (% of population),SH.H2O.BASW.ZS,Haiti,HTI,64.56748547,65.02301685,65.46682711,65.89944518,66.32098621,66.69531027,67.06127542,67.41888472
People using at least basic drinking water services (% of population),SH.H2O.BASW.ZS,Heavily indebted poor countries (HIPC),HPC,55.3238534,56.26486293,57.22565213,58.16551627,59.10495244,60.01374143,60.76075742,61.56195687
People using at least basic drinking water services (% of population),SH.H2O.BASW.ZS,High income,HIC,99.03693997,99.05922625,99.08164583,99.10160723,99.11950506,99.13841121,99.15515174,99.19302665
People using at least basic drinking water services (% of population),SH.H2O.BASW.ZS,Honduras,HND,92.88200787,93.32389297,93.75866583,94.18628686,94.60684752,95.02044782,95.4270668,95.80409488
People using at least basic drinking water services (% of population),SH.H2O.BASW.ZS,"Hong Kong SAR, China",HKG,100,100,100,100,100,100,100,100
People using at least basic drinking water services (% of population),SH.H2O.BASW.ZS,Hungary,HUN,99.97052614,99.97080569,99.97109172,99.99999908,100,99.99999998,99.99999885,100
People using at least basic drinking water services (% of population),SH.H2O.BASW.ZS,IBRD only,IBD,,,,,,,,
People using at least basic drinking water services (% of population),SH.H2O.BASW.ZS,Iceland,ISL,100,100,99.99999999,100,99.99999846,100,100,100
People using at least basic drinking water services (% of population),SH.H2O.BASW.ZS,IDA & IBRD total,IBT,86.30722929,86.81269621,87.25682492,87.76245165,88.24267394,88.70149183,89.196993,89.67434632
People using at least basic drinking water services (% of population),SH.H2O.BASW.ZS,IDA blend,IDB,,,,,,,,
People using at least basic drinking water services (% of population),SH.H2O.BASW.ZS,IDA only,IDX,,,,,,,,
People using at least basic drinking water services (% of population),SH.H2O.BASW.ZS,IDA total,IDA,,,,,,,,
People using at least basic drinking water services (% of population),SH.H2O.BASW.ZS,India,IND,89.1893093,89.78796094,90.38318358,90.97467558,91.56222114,92.14560477,92.72465388,93.29909578
People using at least basic drinking water services (% of population),SH.H2O.BASW.ZS,Indonesia,IDN,88.66724949,89.46766707,90.25872108,91.04079719,91.81374215,92.58739569,93.35176582,94.10719255
People using at least basic drinking water services (% of population),SH.H2O.BASW.ZS,"Iran, Islamic Rep.",IRN,96.78510654,96.92508336,97.06151359,97.19433972,97.32361287,97.44947559,97.57192402,97.69118664
People using at least basic drinking water services (% of population),SH.H2O.BASW.ZS,Iraq,IRQ,94.24759454,95.13617359,96.02130945,96.9024006,97.77878522,98.35990655,98.37115437,98.38285248
People using at least basic drinking water services (% of population),SH.H2O.BASW.ZS,Ireland,IRL,96.21498164,96.14643777,96.07744324,96.00794412,96.00410448,96.00005775,95.99583147,95.99140504
People using at least basic drinking water services (% of population),SH.H2O.BASW.ZS,Isle of Man,IMN,98.92889919,99.06532097,99.20174274,99.33816452,99.47458629,99.61100806,99.74742984,99.88385161
People using at least basic drinking water services (% of population),SH.H2O.BASW.ZS,Israel,ISR,100,100,100,99.99999749,99.99999724,100,100,100
People using at least basic drinking water services (% of population),SH.H2O.BASW.ZS,Italy,ITA,99.91703407,99.91703407,99.91703407,99.91703407,99.91703407,99.91703407,99.91703407,99.91703407
People using at least basic drinking water services (% of population),SH.H2O.BASW.ZS,Jamaica,JAM,90.41679825,90.56120541,90.70612937,90.85157431,90.99735255,91.02994536,91.06403594,91.09963332
People using at least basic drinking water services (% of population),SH.H2O.BASW.ZS,Japan,JPN,98.91346643,98.95067906,98.98789168,99.0251043,99.06231693,99.09952955,99.13674217,99.13674217
People using at least basic drinking water services (% of population),SH.H2O.BASW.ZS,Jordan,JOR,98.91247593,98.92255222,98.93238859,98.94198745,98.95136621,98.96051423,98.96502866,98.96938517
People using at least basic drinking water services (% of population),SH.H2O.BASW.ZS,Kazakhstan,KAZ,95.02533539,95.2205094,95.41466198,95.4202367,95.42702887,95.4349661,95.44405932,
People using at least basic drinking water services (% of population),SH.H2O.BASW.ZS,Kenya,KEN,58.14116381,58.8259447,59.50757233,60.18617698,60.86078326,61.53186756,62.19883728,62.86177758
People using at least basic drinking water services (% of population),SH.H2O.BASW.ZS,Kiribati,KIR,71.37893316,71.99093232,72.58975732,73.1759221,73.74936738,74.30947728,74.8564949,75.69410554
People using at least basic drinking water services (% of population),SH.H2O.BASW.ZS,"Korea, Dem. People's Rep.",PRK,95.21488042,94.8621023,94.5124537,94.16623302,93.82368591,93.8438458,93.86514132,93.88750193
People using at least basic drinking water services (% of population),SH.H2O.BASW.ZS,"Korea, Rep.",KOR,99.43822015,99.52011473,99.60200931,99.68390389,99.76579848,99.84769306,99.92958764,100
People using at least basic drinking water services (% of population),SH.H2O.BASW.ZS,Kosovo,XKX,,,,,,,,
People using at least basic drinking water services (% of population),SH.H2O.BASW.ZS,Kuwait,KWT,100,100,100,100,100,100,100,100
People using at least basic drinking water services (% of population),SH.H2O.BASW.ZS,Kyrgyz Republic,KGZ,88.02824826,88.55761795,88.99300048,89.4269431,89.85880809,90.71465374,90.75355704,90.79580709
People using at least basic drinking water services (% of population),SH.H2O.BASW.ZS,Lao PDR,LAO,77.46057181,79.59784341,81.45199708,83.28588372,85.09983182,85.21973934,85.34039989,85.4618004
People using at least basic drinking water services (% of population),SH.H2O.BASW.ZS,Late-demographic dividend,LTE,93.79707402,94.30672075,94.82500014,95.3238579,95.78645451,96.22674364,96.79375353,97.44010194
People using at least basic drinking water services (% of population),SH.H2O.BASW.ZS,Latin America & Caribbean,LCN,95.85281612,96.10579154,96.26535911,96.53637483,96.79720167,97.07470064,97.4922316,97.6030122
People using at least basic drinking water services (% of population),SH.H2O.BASW.ZS,Latin America & Caribbean (excluding high income),LAC,95.77527633,96.05372349,96.22381207,96.52850397,96.81968944,97.13286221,97.60329808,97.73512117
People using at least basic drinking water services (% of population),SH.H2O.BASW.ZS,Latin America & the Caribbean (IDA & IBRD countries),TLA,95.86884812,96.12537743,96.2881597,96.56453886,96.82883826,97.11171397,97.53447567,97.64587814
People using at least basic drinking water services (% of population),SH.H2O.BASW.ZS,Latvia,LVA,98.52896219,98.58136423,98.63375291,98.6860671,98.73825457,98.790264,98.8420438,98.89352739
People using at least basic drinking water services (% of population),SH.H2O.BASW.ZS,Least developed countries: UN classification,LDC,61.94630488,62.71866437,63.53748153,64.31946525,65.08279507,65.82479067,66.55952946,67.14761684
People using at least basic drinking water services (% of population),SH.H2O.BASW.ZS,Lebanon,LBN,91.01288431,91.4533455,91.89380669,92.33426789,92.6,92.6,92.6,92.6
People using at least basic drinking water services (% of population),SH.H2O.BASW.ZS,Lesotho,LSO,71.29309909,71.68120047,72.07380589,72.47256851,72.87737521,73.28891871,73.62876066,73.97070851
People using at least basic drinking water services (% of population),SH.H2O.BASW.ZS,Liberia,LBR,72.11666588,72.63971258,73.15461894,73.66177561,74.1609603,74.65214832,75.13533668,75.61013152
People using at least basic drinking water services (% of population),SH.H2O.BASW.ZS,Libya,LBY,97.28161516,98.15158471,99.02155425,99.8915238,99.8915238,99.8915238,99.8915238,99.8915238
People using at least basic drinking water services (% of population),SH.H2O.BASW.ZS,Liechtenstein,LIE,100,100,100,100,100,100,100,100
People using at least basic drinking water services (% of population),SH.H2O.BASW.ZS,Lithuania,LTU,96.60413913,97.07374491,97.54206645,97.99053209,98.00147289,98.0133505,98.02597266,98.03940167
People using at least basic drinking water services (% of population),SH.H2O.BASW.ZS,Low & middle income,LMY,85.90951428,86.43970824,86.90342992,87.43453757,87.93879304,88.42173136,88.94216198,89.43798127
People using at least basic drinking water services (% of population),SH.H2O.BASW.ZS,Low income,LIC,52.96264993,53.784827,54.65100196,55.5339398,56.4375379,57.34204151,58.2420419,59.06260012
People using at least basic drinking water services (% of population),SH.H2O.BASW.ZS,Lower middle income,LMC,85.37054462,85.95494406,86.53660598,87.13925217,87.71498011,88.27653134,88.83378695,89.36898903
People using at least basic drinking water services (% of population),SH.H2O.BASW.ZS,Luxembourg,LUX,99.92517285,99.90687371,99.88960731,99.87330423,99.87670462,99.87993712,99.88300827,99.88594783
People using at least basic drinking water services (% of population),SH.H2O.BASW.ZS,"Macao SAR, China",MAC,100,100,100,100,100,100,100,100
People using at least basic drinking water services (% of population),SH.H2O.BASW.ZS,Madagascar,MDG,48.07744671,48.85435338,49.62931155,50.40224327,51.17220614,51.94002333,52.70430719,53.46588342
People using at least basic drinking water services (% of population),SH.H2O.BASW.ZS,Malawi,MWI,66.21842924,67.03293471,67.84581516,68.65666131,69.46487563,70.27046908,71.07282907,71.87190978
People using at least basic drinking water services (% of population),SH.H2O.BASW.ZS,Malaysia,MYS,97.05220722,97.06169882,97.07118427,97.08076703,97.09036742,97.09991057,97.10941679,97.15645919
People using at least basic drinking water services (% of population),SH.H2O.BASW.ZS,Maldives,MDV,98.8142446,99.11409292,99.41077592,99.49723018,99.52720781,99.54444506,99.56211426,99.55834608
People using at least basic drinking water services (% of population),SH.H2O.BASW.ZS,Mali,MLI,73.30372917,74.81295484,76.31230288,77.80116815,79.27971511,80.74718639,82.2039904,83.64946367
People using at least basic drinking water services (% of population),SH.H2O.BASW.ZS,Malta,MLT,99.9999976,100,100,100,100,100,99.99999912,100
People using at least basic drinking water services (% of population),SH.H2O.BASW.ZS,Marshall Islands,MHL,86.63897473,86.40190838,86.16912543,85.94038941,85.71566293,85.49472136,85.27744254,85.06373996
People using at least basic drinking water services (% of population),SH.H2O.BASW.ZS,Mauritania,MRT,65.57669765,67.31084246,69.05089351,70.79534705,72.54431314,74.29672112,76.0527122,77.81125869
People using at least basic drinking water services (% of population),SH.H2O.BASW.ZS,Mauritius,MUS,99.82363337,99.85815809,99.89277812,99.92746315,99.96219872,99.99580024,100,99.99999955
People using at least basic drinking water services (% of population),SH.H2O.BASW.ZS,Mexico,MEX,97.67764771,98.04274749,98.40401993,98.76154546,99.11535302,99.36870453,99.54000271,99.70642945
People using at least basic drinking water services (% of population),SH.H2O.BASW.ZS,"Micronesia, Fed. Sts.",FSM,90.17525094,90.11429111,90.11429111,90.11429111,90.11429111,90.11429111,,
People using at least basic drinking water services (% of population),SH.H2O.BASW.ZS,Middle East & North Africa,MEA,92.67429513,92.98969459,93.29532479,93.67345106,93.94927892,94.18216731,94.34900834,94.3948234
People using at least basic drinking water services (% of population),SH.H2O.BASW.ZS,Middle East & North Africa (excluding high income),MNA,91.69132625,92.05043249,92.39823705,92.83011445,93.14592195,93.42355192,93.62744851,93.68174898
People using at least basic drinking water services (% of population),SH.H2O.BASW.ZS,Middle East & North Africa (IDA & IBRD countries),TMN,91.63777661,91.99725517,92.34541046,92.77837586,93.09398275,93.37095465,93.57330801,93.62445576
People using at least basic drinking water services (% of population),SH.H2O.BASW.ZS,Middle income,MIC,89.44482972,89.99526295,90.47800023,91.02884967,91.55093204,92.05102425,92.59722938,93.1429051
People using at least basic drinking water services (% of population),SH.H2O.BASW.ZS,Moldova,MDA,88.9514518,89.38346047,89.81838971,90.25597559,90.69568696,91.1372487,91.58024326,92.02426809
People using at least basic drinking water services (% of population),SH.H2O.BASW.ZS,Monaco,MCO,100,100,100,100,100,100,100,100
People using at least basic drinking water services (% of population),SH.H2O.BASW.ZS,Mongolia,MNG,78.72452395,79.39908232,80.07253322,80.75155877,81.4356126,82.12411976,82.81580975,83.51122724
People using at least basic drinking water services (% of population),SH.H2O.BASW.ZS,Montenegro,MNE,97.3912959,97.63738506,97.88369496,98.50629847,98.68140384,98.85691237,98.86039399,98.86387363
People using at least basic drinking water services (% of population),SH.H2O.BASW.ZS,Morocco,MAR,80.05386786,81.0481698,82.0318146,84.03338117,84.98185076,85.91876283,86.84331424,87.01945849
People using at least basic drinking water services (% of population),SH.H2O.BASW.ZS,Mozambique,MOZ,49.07594286,51.16441418,53.27718269,55.4139859,57.57536808,59.76011086,61.48093159,63.19536575
People using at least basic drinking water services (% of population),SH.H2O.BASW.ZS,Myanmar,MMR,71.74100192,73.50167437,75.28354325,77.08633594,78.90933534,80.72876332,82.33106172,82.38444021
People using at least basic drinking water services (% of population),SH.H2O.BASW.ZS,Namibia,NAM,83.16192152,83.58640627,83.99611787,84.39131371,84.83948489,85.27519175,85.69866327,85.9121144
People using at least basic drinking water services (% of population),SH.H2O.BASW.ZS,Nauru,NRU,97.00335625,97.00335625,97.00335625,97.00335625,97.00335625,,,
People using at least basic drinking water services (% of population),SH.H2O.BASW.ZS,Nepal,NPL,88.27558063,88.79020539,89.29699309,89.79577585,90.28636635,90.76858353,91.24225081,91.23509651
People using at least basic drinking water services (% of population),SH.H2O.BASW.ZS,Netherlands,NLD,100,99.99999718,100,100,100,100,100,99.99999744
People using at least basic drinking water services (% of population),SH.H2O.BASW.ZS,New Caledonia,NCL,98.13855849,98.37191091,98.60526332,98.83861574,99.07196816,99.30532057,99.53867299,99.53867299
People using at least basic drinking water services (% of population),SH.H2O.BASW.ZS,New Zealand,NZL,99.99999926,100,100,100,100,100,99.99999623,100
People using at least basic drinking water services (% of population),SH.H2O.BASW.ZS,Nicaragua,NIC,81.35312776,81.41597245,81.43567693,81.52108697,81.61223897,81.70875397,,
People using at least basic drinking water services (% of population),SH.H2O.BASW.ZS,Niger,NER,45.81592649,46.22361824,46.61847744,46.9992413,47.36668482,47.72058004,48.06025265,48.89607049
People using at least basic drinking water services (% of population),SH.H2O.BASW.ZS,Nigeria,NGA,68.1845425,69.81722688,71.45173552,73.08745791,74.72412633,76.36179027,78.00019357,79.63940859
People using at least basic drinking water services (% of population),SH.H2O.BASW.ZS,North America,NAC,99.40937448,99.48156974,99.55264435,99.6224121,99.6909075,99.75884708,99.82545602,99.88649832
People using at least basic drinking water services (% of population),SH.H2O.BASW.ZS,North Macedonia,MKD,97.50570698,97.55985027,97.6144574,97.66967302,97.72562379,97.782442,97.84027221,97.84256181
People using at least basic drinking water services (% of population),SH.H2O.BASW.ZS,Northern Mariana Islands,MNP,99.98018339,100,100,100,100,100,100,100
People using at least basic drinking water services (% of population),SH.H2O.BASW.ZS,Norway,NOR,100,99.99999935,100,99.99999554,99.9999987,100,100,100
People using at least basic drinking water services (% of population),SH.H2O.BASW.ZS,Not classified,INX,,,,,,,,
People using at least basic drinking water services (% of population),SH.H2O.BASW.ZS,OECD members,OED,98.94650423,99.00586908,99.06427771,99.11873323,99.16874592,99.21144204,99.24487156,99.29207319
People using at least basic drinking water services (% of population),SH.H2O.BASW.ZS,Oman,OMN,90.238487,90.68742466,91.1148947,91.52309539,91.88826398,92.16803133,92.30971939,92.43996876
People using at least basic drinking water services (% of population),SH.H2O.BASW.ZS,Other small states,OSS,90.37294246,90.75927924,91.15079899,91.52624294,91.79516206,92.75928729,93.00396353,93.23702065
People using at least basic drinking water services (% of population),SH.H2O.BASW.ZS,Pacific island small states,PSS,86.33368738,86.20345159,86.07629897,85.94416463,86.04758645,86.11135836,86.0572085,93.73984507
People using at least basic drinking water services (% of population),SH.H2O.BASW.ZS,Pakistan,PAK,89.59124695,89.74324599,89.89341028,90.04259791,90.19065035,90.33733695,90.48246306,90.62575385
People using at least basic drinking water services (% of population),SH.H2O.BASW.ZS,Palau,PLW,99.52026243,99.52884257,99.53690227,99.54447242,99.55158874,99.55827274,99.56455201,99.57044944
People using at least basic drinking water services (% of population),SH.H2O.BASW.ZS,Panama,PAN,92.91379865,93.24263726,93.57005378,93.8958373,94.18249882,94.39579261,94.60610698,94.6515653
People using at least basic drinking water services (% of population),SH.H2O.BASW.ZS,Papua New Guinea,PNG,42.96876517,43.993033,45.01917832,46.04734163,47.07672559,48.10702261,49.16923268,50.23518094
People using at least basic drinking water services (% of population),SH.H2O.BASW.ZS,Paraguay,PRY,96.01860861,97.19929685,98.36716941,99.52249129,99.59111402,99.59347078,99.59589823,99.59839281
People using at least basic drinking water services (% of population),SH.H2O.BASW.ZS,Peru,PER,90.55041628,91.16910595,91.78356915,92.39508371,93.00323669,93.60796814,94.20889819,94.80580932
People using at least basic drinking water services (% of population),SH.H2O.BASW.ZS,Philippines,PHL,91.97735056,92.39268342,92.80785571,93.22283512,93.63735675,94.05123275,94.46428059,94.87631136
People using at least basic drinking water services (% of population),SH.H2O.BASW.ZS,Poland,POL,94.76457298,94.02673268,93.28948967,92.55354831,91.81968718,91.08880581,90.36157032,90.3695801
People using at least basic drinking water services (% of population),SH.H2O.BASW.ZS,Portugal,PRT,99.18160885,99.18926467,99.1981686,99.20827956,99.21959411,99.23206739,99.24568371,99.26040902
People using at least basic drinking water services (% of population),SH.H2O.BASW.ZS,Post-demographic dividend,PST,99.25207435,99.29083017,99.32916298,99.36736507,99.40360013,99.44227207,99.48206556,99.54228511
People using at least basic drinking water services (% of population),SH.H2O.BASW.ZS,Pre-demographic dividend,PRE,59.3212982,60.34180792,61.40111379,62.42191366,63.42520301,64.39611095,65.34545326,66.21541521
People using at least basic drinking water services (% of population),SH.H2O.BASW.ZS,Puerto Rico,PRI,99.42544976,99.57293003,99.72041031,99.86789058,100,100,100,100
People using at least basic drinking water services (% of population),SH.H2O.BASW.ZS,Qatar,QAT,99.94594847,99.9520947,99.95824094,99.96438718,99.97053342,99.97667966,99.9828259,99.98897214
People using at least basic drinking water services (% of population),SH.H2O.BASW.ZS,Romania,ROU,100,100,100,100,99.99999968,100,99.99999778,99.99999797
People using at least basic drinking water services (% of population),SH.H2O.BASW.ZS,Russian Federation,RUS,96.45888519,96.54219618,96.62617767,96.71064913,96.79552688,96.88071805,96.96612688,97.05159794
People using at least basic drinking water services (% of population),SH.H2O.BASW.ZS,Rwanda,RWA,58.4752231,59.4411197,60.41926084,61.4095815,62.41173597,63.42593872,64.45210935,65.10087807
People using at least basic drinking water services (% of population),SH.H2O.BASW.ZS,Samoa,WSM,92.22800181,93.28828503,94.34969265,95.41251056,96.42283497,97.39664729,98.272016,99.03761444
People using at least basic drinking water services (% of population),SH.H2O.BASW.ZS,San Marino,SMR,100,100,100,100,100,100,100,100
People using at least basic drinking water services (% of population),SH.H2O.BASW.ZS,Sao Tome and Principe,STP,76.00423482,76.41304573,76.81173489,77.20059546,77.33578043,77.31735714,77.28513049,77.34111653
People using at least basic drinking water services (% of population),SH.H2O.BASW.ZS,Saudi Arabia,SAU,98.67444104,98.67092316,98.66739715,98.66386148,98.6603423,98.65680086,98.65327913,98.64975822
People using at least basic drinking water services (% of population),SH.H2O.BASW.ZS,Senegal,SEN,77.89878574,79.10338197,80.30526834,81.50340428,82.69752948,83.88690325,85.0712263,86.24977383
People using at least basic drinking water services (% of population),SH.H2O.BASW.ZS,Serbia,SRB,93.38645841,93.76723173,94.14836873,94.53003144,94.91235983,95.29552514,95.67966514,95.67813708
People using at least basic drinking water services (% of population),SH.H2O.BASW.ZS,Seychelles,SYC,95.79162389,95.91706782,96.04251176,96.16795569,96.29339962,96.41884356,96.41884356,96.41884356
People using at least basic drinking water services (% of population),SH.H2O.BASW.ZS,Sierra Leone,SLE,57.37531506,58.51406784,59.65265416,60.79141944,61.92980925,63.06756337,64.20441759,65.34011789
People using at least basic drinking water services (% of population),SH.H2O.BASW.ZS,Singapore,SGP,100,100,100,100,100,100,100,100
People using at least basic drinking water services (% of population),SH.H2O.BASW.ZS,Sint Maarten (Dutch part),SXM,95.31117933,95.31117933,95.31117933,,,,,
People using at least basic drinking water services (% of population),SH.H2O.BASW.ZS,Slovak Republic,SVK,99.78719083,99.7875192,99.78773397,99.78783051,99.78781785,99.78770136,99.78745843,99.78710806
People using at least basic drinking water services (% of population),SH.H2O.BASW.ZS,Slovenia,SVN,99.5,99.5,99.5,99.5,99.5,99.5,99.5,99.5
People using at least basic drinking water services (% of population),SH.H2O.BASW.ZS,Small states,SST,90.77900354,91.0728965,91.37137544,91.60425272,91.80716612,92.38627822,92.60463396,93.84950419
People using at least basic drinking water services (% of population),SH.H2O.BASW.ZS,Solomon Islands,SLB,69.32991977,68.54479684,67.7759579,67.00625681,67.15380217,67.30102727,67.44761069,
People using at least basic drinking water services (% of population),SH.H2O.BASW.ZS,Somalia,SOM,48.71115376,50.27459541,51.83293105,53.3865153,54.93440825,56.47697291,58.01372821,58.25950307
People using at least basic drinking water services (% of population),SH.H2O.BASW.ZS,South Africa,ZAF,91.79609584,92.20731162,92.60968252,93.00329093,93.38824369,93.76479029,94.13269971,94.49208935
People using at least basic drinking water services (% of population),SH.H2O.BASW.ZS,South Asia,SAS,89.4158989,89.95141568,90.48414287,91.01425185,91.54213659,92.06709304,92.58749867,93.0853321
People using at least basic drinking water services (% of population),SH.H2O.BASW.ZS,South Asia (IDA & IBRD),TSA,89.4158989,89.95141568,90.48414287,91.01425185,91.54213659,92.06709304,92.58749867,93.0853321
People using at least basic drinking water services (% of population),SH.H2O.BASW.ZS,South Sudan,SSD,41.2475085,41.18681317,41.09732798,40.98150673,40.84165539,40.95092729,41.06566165,41.18659285
People using at least basic drinking water services (% of population),SH.H2O.BASW.ZS,Spain,ESP,99.92672631,99.92650228,99.92628444,99.92605643,99.92583827,99.92560976,99.92538111,99.92515757
People using at least basic drinking water services (% of population),SH.H2O.BASW.ZS,Sri Lanka,LKA,87.19113279,87.48839096,87.78755272,88.0886564,88.39140851,88.69595431,89.00221413,89.31010729
People using at least basic drinking water services (% of population),SH.H2O.BASW.ZS,St. Kitts and Nevis,KNA,98.61185413,98.61185413,98.61185413,,,,,
People using at least basic drinking water services (% of population),SH.H2O.BASW.ZS,St. Lucia,LCA,95.56809484,96.00803519,96.44777687,96.88720419,96.88750593,96.88783817,96.88823302,96.88866058
People using at least basic drinking water services (% of population),SH.H2O.BASW.ZS,St. Martin (French part),MAF,99.96560217,99.95905745,99.95251272,99.945968,99.93942327,99.93287855,99.92633383,99.92633383
People using at least basic drinking water services (% of population),SH.H2O.BASW.ZS,St. Vincent and the Grenadines,VCT,97.71085581,97.71664216,97.7224529,97.72830585,,,,
People using at least basic drinking water services (% of population),SH.H2O.BASW.ZS,Sub-Saharan Africa,SSF,58.84802937,59.7644904,60.70116762,61.61844872,62.52274479,63.40410064,64.28556673,65.11866668
People using at least basic drinking water services (% of population),SH.H2O.BASW.ZS,Sub-Saharan Africa (excluding high income),SSA,58.84460758,59.76118672,60.69797331,61.61537423,62.51979167,63.40126221,64.28285225,65.11553698
People using at least basic drinking water services (% of population),SH.H2O.BASW.ZS,Sub-Saharan Africa (IDA & IBRD countries),TSS,58.84802937,59.7644904,60.70116762,61.61844872,62.52274479,63.40410064,64.28556673,65.11866668
People using at least basic drinking water services (% of population),SH.H2O.BASW.ZS,Sudan,SDN,57.05438897,58.19101738,59.32866709,60.46708424,61.60565353,62.74411093,63.88200965,64.92007532
People using at least basic drinking water services (% of population),SH.H2O.BASW.ZS,Suriname,SUR,95.74769572,96.19545983,96.6441124,97.09310628,97.54177354,97.98963206,97.99112691,97.99301334
People using at least basic drinking water services (% of population),SH.H2O.BASW.ZS,Sweden,SWE,99.67167304,99.68359134,99.69518603,99.70645502,99.71740999,99.72807241,99.73844577,99.73887987
People using at least basic drinking water services (% of population),SH.H2O.BASW.ZS,Switzerland,CHE,99.99999625,100,100,100,99.99999872,99.9999976,100,100
People using at least basic drinking water services (% of population),SH.H2O.BASW.ZS,Syrian Arab Republic,SYR,93.31814307,93.46161774,93.60191914,93.73901986,93.87294349,94.0036368,94.05369268,94.07793298
People using at least basic drinking water services (% of population),SH.H2O.BASW.ZS,Tajikistan,TJK,76.23949316,77.62285621,79.01396474,80.41159049,81.81511097,81.8524176,81.89407836,81.93990755
People using at least basic drinking water services (% of population),SH.H2O.BASW.ZS,Tanzania,TZA,50.83147012,52.28117023,53.72079641,55.14943388,56.56584813,57.97026559,59.36117077,60.79115703
People using at least basic drinking water services (% of population),SH.H2O.BASW.ZS,Thailand,THA,98.9293594,99.1920331,99.38771075,99.53560655,99.96483136,100,99.99999799,100
People using at least basic drinking water services (% of population),SH.H2O.BASW.ZS,Timor-Leste,TLS,74.2458313,76.408371,78.59011916,80.7910054,82.38411592,83.9742221,85.56091447,87.01863599
People using at least basic drinking water services (% of population),SH.H2O.BASW.ZS,Togo,TGO,63.3871896,64.50939745,65.62109299,66.72207307,67.81212905,68.89105921,69.94698197,70.99071606
People using at least basic drinking water services (% of population),SH.H2O.BASW.ZS,Tonga,TON,98.55253896,98.589508,98.62640902,98.6633452,98.70035345,98.73745963,98.77468859,98.81207614
People using at least basic drinking water services (% of population),SH.H2O.BASW.ZS,Trinidad and Tobago,TTO,98.13617765,98.51909247,98.87517077,98.87517077,98.87517077,98.87517077,98.87517077,98.87517077
People using at least basic drinking water services (% of population),SH.H2O.BASW.ZS,Tunisia,TUN,94.15151418,94.66853596,95.18153746,95.69022955,96.19409018,96.69266174,96.93899305,97.18173125
People using at least basic drinking water services (% of population),SH.H2O.BASW.ZS,Turkiye,TUR,96.25616116,96.41432543,96.56908735,96.72060791,96.86896416,97.0142666,97.02029543,97.02618824
People using at least basic drinking water services (% of population),SH.H2O.BASW.ZS,Turkmenistan,TKM,97.65894272,98.33813041,98.99758141,99.34508137,99.79292325,100,99.99999969,100
People using at least basic drinking water services (% of population),SH.H2O.BASW.ZS,Turks and Caicos Islands,TCA,,98.6894117,98.71178866,98.73275362,98.75229824,98.77056978,98.78765379,98.80354177
People using at least basic drinking water services (% of population),SH.H2O.BASW.ZS,Tuvalu,TUV,99.1231344,99.14222992,99.16127889,99.18028333,99.19926608,99.21823583,99.23719479,99.25616339
People using at least basic drinking water services (% of population),SH.H2O.BASW.ZS,Uganda,UGA,47.90880897,49.49353039,51.09211652,52.70309273,54.32668724,55.96110322,57.60557485,59.25960901
People using at least basic drinking water services (% of population),SH.H2O.BASW.ZS,Ukraine,UKR,93.36158795,93.40063358,93.43928828,93.47633322,93.51157783,93.54498546,93.53463927,93.58979838
People using at least basic drinking water services (% of population),SH.H2O.BASW.ZS,United Arab Emirates,ARE,99.92774627,99.95167572,99.9757577,100,100,100,100,100
People using at least basic drinking water services (% of population),SH.H2O.BASW.ZS,United Kingdom,GBR,100,99.99999722,100,100,99.99999734,100,99.99999864,99.99999788
People using at least basic drinking water services (% of population),SH.H2O.BASW.ZS,United States,USA,99.4293286,99.50989534,99.58934389,99.66759017,99.74463092,99.82042152,99.89493841,99.96411284
People using at least basic drinking water services (% of population),SH.H2O.BASW.ZS,Upper middle income,UMC,93.59477667,94.13907646,94.61484156,95.14300993,95.63890068,96.10693371,96.66917783,97.2925331
People using at least basic drinking water services (% of population),SH.H2O.BASW.ZS,Uruguay,URY,99.1313996,99.26625158,99.39807061,99.47859871,99.48723799,99.49575707,99.50424188,99.50798062
People using at least basic drinking water services (% of population),SH.H2O.BASW.ZS,Uzbekistan,UZB,94.00782163,94.40804398,94.81115707,95.21857311,95.62743615,95.95780935,96.28974264,96.62280996
People using at least basic drinking water services (% of population),SH.H2O.BASW.ZS,Vanuatu,VUT,88.37698694,88.79881781,89.22027679,89.64255045,90.0654259,90.48902744,90.91301735,91.33751629
People using at least basic drinking water services (% of population),SH.H2O.BASW.ZS,"Venezuela, RB",VEN,94.57127501,94.39418015,94.21708529,94.03999043,93.86289557,93.68580071,93.50870585,93.33161099
People using at least basic drinking water services (% of population),SH.H2O.BASW.ZS,Viet Nam,VNM,92.66830859,93.40408105,94.12940815,95.16878487,95.98905365,96.66702247,97.31751338,97.95681658
People using at least basic drinking water services (% of population),SH.H2O.BASW.ZS,Virgin Islands (U.S.),VIR,98.71827281,98.71826738,98.71826738,98.71826738,98.71826738,98.71826738,,
People using at least basic drinking water services (% of population),SH.H2O.BASW.ZS,West Bank and Gaza,PSE,96.37985702,96.6860021,96.98922408,97.28942543,97.58650673,97.88040196,98.17100019,98.44464032
People using at least basic drinking water services (% of population),SH.H2O.BASW.ZS,World,WLD,88.32431323,88.7450605,89.12530367,89.54688801,89.94709177,90.33177013,90.74544706,91.15492309
People using at least basic drinking water services (% of population),SH.H2O.BASW.ZS,"Yemen, Rep.",YEM,55.77886898,56.78561719,57.7775958,58.75449438,59.71657984,60.6635718,61.59520686,61.7582437
People using at least basic drinking water services (% of population),SH.H2O.BASW.ZS,Zambia,ZMB,62.88795693,63.89123229,64.8867121,65.87427046,66.85339838,67.82400402,68.03478318,68.2478065
People using at least basic drinking water services (% of population),SH.H2O.BASW.ZS,Zimbabwe,ZWE,64.95493221,64.46896086,63.99662731,63.53877335,63.0949538,62.66645611,62.25279758,62.29425496